URL,Title
https://www.youtube.com/watch?v=-QB1nCUIWbw,Kamala Harris delivers remarks at campaign stop in Pennsylvania
https://www.youtube.com/watch?v=-qTuzf_8ub4,DONALD TRUMP IS SURGING IN PENNSYLVANIA!
https://www.youtube.com/watch?v=-YtQgBZ9HVY,US Elections 2024: Barack Obama To Rally For Harris In Battleground Pennsylvania | Race To Power
https://www.youtube.com/watch?v=1IkNvUaCwIU,"Trump ends town hall early, sways to music for over 30 minutes"
https://www.youtube.com/watch?v=1TaEwfCX5-M,Senator Bob Casey talks battleground PA Senate race and Harris Campaign
https://www.youtube.com/watch?v=233R5k4VEzM,"""#Trump #Pennsylvania #Victory and Its #Election #Impact"""
https://www.youtube.com/watch?v=2m4GkCQVAzU,Barack Obama  ? Trump Pennsylvania Aftermath C I A Narratives
https://www.youtube.com/watch?v=2OEhtMoV96k,Harris leads in Pennsylvania: DDHQ polling average | NewsNation Live
https://www.youtube.com/watch?v=2rL0JLD5bLs,"Trump, Harris both campaigning in Pennsylvania"
https://www.youtube.com/watch?v=2W1NwNEsQTM,mericans Still Going Hard On The Trump Incident That Happened At PENNSYLVANIA
https://www.youtube.com/watch?v=33szRDBMvs8,A look at Trump's and Harris' strategies in Pennsylvania as they hold dueling events
https://www.youtube.com/watch?v=3bTtGqKL9Ko,Dave McCormick: Kamala Harris' energy policies would be a 'disaster' for Pennsylvania
https://www.youtube.com/watch?v=3gXLdl-aj_w,"Trump Farts on Stage, MAGA Nuts Push Insane Weather Lies & Mr. USA's Products Are Made in CHINA!"
https://www.youtube.com/watch?v=3hpRczDWOLc,Sen. Fetterman on why Harris 'is going to win' battleground Pennsylvania
https://www.youtube.com/watch?v=3ZjlaraZjyc,"Harris, Trump campaigning in battleground Pennsylvania"
https://www.youtube.com/watch?v=4Flt-g5AwfQ,Trump Speaks in Pennsylvania After Assassination Attempt
https://www.youtube.com/watch?v=4QRayBDLLk8,Kamala Harris & Tim Walz Pennsylvania Power Play
https://www.youtube.com/watch?v=4RCjqzpoKiw,Harris tries to sharpen economic message in Pennsylvania
https://www.youtube.com/watch?v=52d92sZWlVE,Joe Biden joins the Harris campaign in the battle for Pennsylvania
https://www.youtube.com/watch?v=5rZ2uHUVXEc,Donald Trump TAKES THE LEAD in Pennsylvania!
https://www.youtube.com/watch?v=62BDbeCyoAM,Kamala Harris LOST IT & ATTACKED Reporter in Pennsylvania After Told Trump Will WIN Due To Fracking
https://www.youtube.com/watch?v=62Jx6M6ChPw,BREAKING: HUGE NEWS May Have Just Given Kamala Harris Pennsylvania... (Trump Is In HUGE TROUBLE...)
https://www.youtube.com/watch?v=7FX5JlpfOI0,Democrats On Edge As Trump Narrows The Gap With Harris In Battleground States In Final Weeks
https://www.youtube.com/watch?v=7hhsDnuuVFY,How To Crush Trump In Pennsylvania | James Carville & Gov. Josh Shapiro
https://www.youtube.com/watch?v=7PzjmrCAgF0,"Trump rallies in Pennsylvania, attacks Harris over border security #abcnews #aljazeera #foxnews"
https://www.youtube.com/watch?v=7RFHag6fyxg,Pennsylvania Polling Shifts Post Debate Harris v. Trump (Sept 2nd Update)
https://www.youtube.com/watch?v=7TovUihX1nk,Trump SURGES in Pennsylvania as His Endorsements SWEEP the 6/11 Primaries!
https://www.youtube.com/watch?v=8w1E82e476c,"Elon Musk Vs Mark Cuban: Billionaires Back Donald Trump, Kamala Harris | Watch Best 8 Minutes"
https://www.youtube.com/watch?v=9jsabEDMZzI,Trump Takes HUGE Lead in SEVERAL Pennsylvania Polls!
https://www.youtube.com/watch?v=9qVd39p-P_s,Pennsylvania Poll Results (SEPTEMBER 27-29) Donald Trump vs Kamala Harris 2024 US Election
https://www.youtube.com/watch?v=9qZfFJfUKWA,Everybody in Pennsylvania is voting for Donald Trump including the Amish
https://www.youtube.com/watch?v=A78uyTwVqo4,Why Trump Might Just Win Pennsylvania!
https://www.youtube.com/watch?v=aE1ax5crIFM,Pennsylvania voters react to Harris-Trump debate
https://www.youtube.com/watch?v=aInsadFNDCc,Donald Trump Is About To WIN PENNSYLVANIA!
https://www.youtube.com/watch?v=AIWxvk9zpDM,All Pennsylvania Poll Results Of August | Donald Trump vs Kamala Harris | 2024 US Election
https://www.youtube.com/watch?v=AjgVcOtDq8Q,"As Kamala Harris courts voters in Pennsylvania, Black Greek life is thrust into the spotlight"
https://www.youtube.com/watch?v=aMJe3Yl-YE4,THE COMMONWEALTH WIN! | Pennsylvania ON THE VERGE in FLIPPING TO TRUMP after Latest Poll wins!
https://www.youtube.com/watch?v=AniDxlt19Ak,"Trump Returns to Butler: If We Win Pennsylvania, We Will Win the Whole Thing | WSJ News"
https://www.youtube.com/watch?v=AOE81LKNEvo,Racist Trump Endangers More Haitian Immigrants  THIS TIME IN PENNSYLVANIA!!!
https://www.youtube.com/watch?v=aqvNhD_NVTw,Trump Has MAJOR PROBLEM in Pennsylvania as DEM Senator SOARS
https://www.youtube.com/watch?v=ash9X2LG3-A,Trump in Pennsylvania for First Time Since Assassination Attempt
https://www.youtube.com/watch?v=AstwPkRN3Os,Pennsylvania Poll Results (OCTOBER 12-14) Donald Trump vs Kamala Harris 2024 US Election
https://www.youtube.com/watch?v=aVTA0o1fyRE,"??BREAKING: Trump sh*t by Biden Supporter in Butler, Pennsylvania"
https://www.youtube.com/watch?v=aYdUdEv1f7E,BREAKING: TOP DEMOCRATS PANICKING ABOUT KAMALA LOSING GROUND IN PENNSYLVANIA!
https://www.youtube.com/watch?v=a_nFi5f-fnM,Sizable Haley vote in Pennsylvania may signal trouble for Trump
https://www.youtube.com/watch?v=b23FBPunJJ4,Trump and Harris Neck-and-Neck in Pennsylvania and Georgia
https://www.youtube.com/watch?v=bCJt_Tf7ABs,Kamala Harris Wins Pennsylvania in 2024
https://www.youtube.com/watch?v=beZ5bqO8pOQ,"Axios' Mike Allen on Harris' VP pick: If she wins Pennsylvania, she likely wins the election"
https://www.youtube.com/watch?v=Bg-Mfde83W8,"Polls show tight race in Pennsylvania, Sen. Fetterman not worried | The Hill Sunday"
https://www.youtube.com/watch?v=BNybAPxftT0,Kamala Has a MASSIVE Pennsylvania Problem...
https://www.youtube.com/watch?v=cL7D_wvmvjg,DANGER: Any Polling Error Means Kamala is Cooked in Pennsylvania and LOSES
https://www.youtube.com/watch?v=CLs_BugdoSg,"Behind enemy lines: 'Blacks for Trump' in Baltimore, progressives in Pennsylvania's red suburbs"
https://www.youtube.com/watch?v=CMB_ow2vGTg,Trump Heads To Bulter On Oct 5 | Could Pennsylvania Be 'toughest Challenge' For Harris Campaign
https://www.youtube.com/watch?v=crjpR2eR7dE,Pennsylvania Gov. Josh Shapiro assesses Harris' debate performance
https://www.youtube.com/watch?v=CVk3ZJubw7w,Kamala Harris EXPANDS Her Lead in Pennsylvania
https://www.youtube.com/watch?v=cw1YYDKHKeI,Harris Leads Trump in Pennsylvania and Michigan in New Quinnipiac Poll
https://www.youtube.com/watch?v=D2_3GK8xqyg,The Humiliation of Trump in Pennsylvania
https://www.youtube.com/watch?v=dg0VsKKdsYA,Kamala Harris DOESN'T MOTIVATE These Pennsylvania Voters!
https://www.youtube.com/watch?v=dGwEBH_ZwA8,"Trump, Harris eye these Pennsylvania counties ahead of 2024 election"
https://www.youtube.com/watch?v=dhOtRfWTeic,Unhinged Kamala Harris Supporter LUNGES For Donald Trump At His Pennsylvania Rally
https://www.youtube.com/watch?v=dKm1t_Jo-8I,Gov. Shapiro on how Harris can aim to win Pennsylvania
https://www.youtube.com/watch?v=ds9JsZiT_dc,"How Trump, Harris are campaigning in Pennsylvania"
https://www.youtube.com/watch?v=DXxGyUay3a0,This is a *MAJOR* sign Donald Trump will win Pennsylvania
https://www.youtube.com/watch?v=D_U8bc_NvYs,"Harris campaigns in Pennsylvania county she hopes to flip, Trump unveils tax plan"
https://www.youtube.com/watch?v=E53FcPL1Vb8,Trump LOSES HIS MIND on Stage in Pennsylvania on LIVE TV
https://www.youtube.com/watch?v=E6BVtLJg0pA,Trump and Harris battle for the Latino vote in Pennsylvania
https://www.youtube.com/watch?v=eCMkAHBrPEE,Interviewing Republicans at Donald Trump's Pennsylvania Rally
https://www.youtube.com/watch?v=eKdTHhlfbU4,"Support for Trump, questions for Harris in pro-fracking Pennsylvania | AFP"
https://www.youtube.com/watch?v=EkPok1WiwJQ,Breaking: Shots fired at Trump rally in Pennsylvania
https://www.youtube.com/watch?v=eO5a3z94_eg,Trump Is On Pace For Victory In Pennsylvania!
https://www.youtube.com/watch?v=EvvtV7zM7ZI,Pennsylvania Governor delivers Must see takedown of Trump
https://www.youtube.com/watch?v=EyvgBFsztkw,SURPRISE: Mother who Donald Trump gave $100 at Pennsylvania grocery store speaks with LiveNOW
https://www.youtube.com/watch?v=F3c-y5xbIeY,Donald Trump Holds Two Massive Rallies in Pennsylvania and Wisconsin | Firstpost America
https://www.youtube.com/watch?v=f6clkqEJyUI,DANGER: TRUMP PENNSYLVANIA CROWD LEGITIMATELY MASSIVE
https://www.youtube.com/watch?v=f6J3di3AfO0,Pennsylvania Poll Results (SEPTEMBER 27-29) Donald Trump vs Kamala Harris 2024 US Election
https://www.youtube.com/watch?v=FAmdvb_1y-o,Obama slams Trump for hurricane misinformation at campaign rally in Pennsylvania for Harris
https://www.youtube.com/watch?v=FfzVHEJUMCE,Harris courts voters in Pennsylvania as Trump continues attacks on Haitian migrants
https://www.youtube.com/watch?v=FGMMi6YTA40,LIVE Trump Rally Harrisburg Pennsylvania
https://www.youtube.com/watch?v=fiTdplbWp64,"""#Trumps #Pennsylvania #Victory and Its #Election #Impact"""
https://www.youtube.com/watch?v=fM07fxoIQlI,Undecided Pennsylvania voters react to Harris-Trump debate
https://www.youtube.com/watch?v=fPi6DKf_GNE,The Impact of Pennsylvania's Early Voting on the Upcoming Election
https://www.youtube.com/watch?v=FSbZPIZB8TE,The Decisive Battle in Pennsylvania: Will Trump or Harris Claim the White House in 2024?
https://www.youtube.com/watch?v=fSGEzDIG0sQ,"Pennsylvania voters, strategists weigh in as Harris meets with Shapiro, other possible running mates"
https://www.youtube.com/watch?v=fZqc0gw-WtQ,BREAKING: HUGE NEWS May Have Given Kamala Harris Pennsylvania...
https://www.youtube.com/watch?v=g6Wi3tvFIZc,"Dick Polman on Trump, Pennsylvania, and the Future of Journalism | POV Interview"
https://www.youtube.com/watch?v=gGACRjK0aq0,Kamala Harris vs. Donald Trump in Pennsylvania
https://www.youtube.com/watch?v=gihnLAUyBN0,Can Kamala Harris Defeat Trump in 2024? Pennsylvania and Florida Hold the Key!
https://www.youtube.com/watch?v=glqjM5CYifQ,Reporter's Notebook: Trump and Biden duke it out in Pennsylvania
https://www.youtube.com/watch?v=gMSRyl1XkM4,Who will win battleground Pennsylvania? Latino voters could be crucial to both campaigns
https://www.youtube.com/watch?v=gSAyZ1X7o8k,Harris holds rally in Pennsylvania as Trump doubles down on claims about immigrants
https://www.youtube.com/watch?v=GVh_P7SY3ac,Pennsylvania is a Mess' Inside Kamala's Campaign
https://www.youtube.com/watch?v=G_klmXvSgJ8,Pennsylvania FLIPS For Trump!
https://www.youtube.com/watch?v=hD0dEu8CvXY,*BOOM* Trump takes 3 point lead in Pennsylvania
https://www.youtube.com/watch?v=hsxtihd0j4g,Pennsylvania Democrat says labor will show up for Vice President Harris in November
https://www.youtube.com/watch?v=hWZyi8EvY1Y,"""If the election was today, Trump would win Pennsylvania"" Salena Zito talks Keystone State politics"
https://www.youtube.com/watch?v=icaxnSxz4Vo,Kamala Harris and Donald Trump hold rallies in swing state Pennsylvania | Everyday breaking news
https://www.youtube.com/watch?v=IHQFwM1oqj8,"First votes are being cast in Pennsylvania, Trump is WINNING"
https://www.youtube.com/watch?v=ijlPwv-6dTE,"Trump STUNNED in Pennsylvania Primary, Biden SOARS"
https://www.youtube.com/watch?v=Il2J23JSPzc,"Trump, Kamala BET EVERYTHING On Pennsylvania"
https://www.youtube.com/watch?v=IoAWmrbWMn4,Pennsylvania Poll Results (SEPTEMBER 15-18) Donald Trump vs Kamala Harris 2024 US Election
https://www.youtube.com/watch?v=iqnB69s7p-k,Kornacki: Harris and Trump deadlocked in new poll
https://www.youtube.com/watch?v=IwQzCN0QXJ8,Trump just got great news in Pennsylvania that could change the Election
https://www.youtube.com/watch?v=IWy9fO42Y9c,The Amish can flip the race in Pennsylvania | Bikers for Trump founder Chris Cox
https://www.youtube.com/watch?v=jcCn3TVYP_g,Trump and Harris target Pennsylvania voters in tight race | The Hill
https://www.youtube.com/watch?v=JfZMvZ3LZ0M,Huge New Poll #s For Trump in Pennsylvania!
https://www.youtube.com/watch?v=jkXjKZxN4is,"Harris, Walz busy Labor Day in Pennsylvania, Wisconsin"
https://www.youtube.com/watch?v=JuUto-tSelE,"Barack Obama Campaigns for Harris, Calls Trump ""Whiny Old Billionaire"" | Firstpost America"
https://www.youtube.com/watch?v=JyXJXGDXYPI,"Trump, Harris neck and neck in Pennsylvania 3 weeks before Election Day"
https://www.youtube.com/watch?v=k06Zh0S93wU,Democrat John Fetterman ADMITS Pennsylvania is MAGA Country After Assassination | VOTING For TRUMP?!
https://www.youtube.com/watch?v=k4KS-0bDV8o,"Toomey on Harris, Trump Close in Polls in Pennsylvania"
https://www.youtube.com/watch?v=KahE3t8hHxQ,Donald Trump EXPANDS His Lead in Pennsylvania!
https://www.youtube.com/watch?v=kCpoZEv_m9k,Psaki: Harris has STRONGEST ATTACKS YET against Trump at PA rally
https://www.youtube.com/watch?v=kkkX9dukfvA,Stage is set for first Trump/Harris debate in Pennsylvania
https://www.youtube.com/watch?v=l-MWfoLAFwo,"Harris, Trump descend on Pennsylvania in closing weeks of 2024 race"
https://www.youtube.com/watch?v=lBdT9YEIGjU,Young Pennsylvania voters leaning toward VP Kamala Harris: Poll | Morning In America
https://www.youtube.com/watch?v=LBnGcaZpW8s,Did Trump's guilty verdict sway Pennsylvania voters?
https://www.youtube.com/watch?v=LDY3qoAwjqs,Why Tim Pool and Jack Posobiec support Trump
https://www.youtube.com/watch?v=lep7bx_O6RA,Can Kamala Harris Win Pennsylvania?
https://www.youtube.com/watch?v=LERwMRG_XGc,"Attendees faint, Trump plays his favorite music at bizarre town hall in Pennsylvania"
https://www.youtube.com/watch?v=lKz-E0Y2dbo,Poll: Trump-Harris Tied in Pennsylvania at 49% With 1% Undecided
https://www.youtube.com/watch?v=LSMwvyJYYtc,Pennsylvania Poll Results (SEPTEMBER 19-25) Donald Trump vs Kamala Harris 2024 US Election
https://www.youtube.com/watch?v=lWGEioa1aEg,"Pennsylvania bakery rolls out ""cookie poll"" | Morning in America"
https://www.youtube.com/watch?v=lWvbCOqAgSg,Harris spending time in 'Trump country' areas of Pennsylvania to expand her appeal
https://www.youtube.com/watch?v=lXhe0Iu4EZQ,Pennsylvania voters react to the Trump and Harris debate | Denims Reacts
https://www.youtube.com/watch?v=M3oYtTqNh-M,Trump PA Town Hall BLOWS UP in His FACE on Live TV
https://www.youtube.com/watch?v=MIL2pQXzWMc,STUNNING New Data: Harris LOCKS DOWN Pennsylvania | 24 Days Until Election
https://www.youtube.com/watch?v=mo588mu-1tA,Trump Will Win on a Pennsylvania Tie
https://www.youtube.com/watch?v=mu5LXGCdnvA,A former Pennsylvania congressman's advice for Harris and Walz
https://www.youtube.com/watch?v=mu6ghUaJy78,Pennsylvania lieutenant governor reacts to Harris' Tim Walz pick
https://www.youtube.com/watch?v=M_NvrMF7CPk,Kamala Harris Is In Trouble In Pennsylvania!
https://www.youtube.com/watch?v=n5stm6tcfbQ,Kamala Harris and Democrats can win Pennsylvania. Here's the pathway to victory!
https://www.youtube.com/watch?v=NaKz8slqMIg,The Debrief with Chris Irvine: Why Pennsylvania is key for Harris and Trump
https://www.youtube.com/watch?v=NBftd5deK2A,"Trump Gains Support in Pro-Fracking Pennsylvania, Harris Faces Tough Questions | DRM News"
https://www.youtube.com/watch?v=ncXj1OEMrcI,"Trump's Oaks, Pennsylvania town hall interrupted by medical emergencies in the crowd"
https://www.youtube.com/watch?v=NgbaVrr9itU,Kamala Harriss Pennsylvania Problem: Concerns from Top Democrats | Campaign Analysis
https://www.youtube.com/watch?v=NgGceKZu2go,Pennsylvania New Pool Results  {SEPTEMBER 27-30} |Donald Trump vs Kamala Harris | Election Race 2024
https://www.youtube.com/watch?v=norJpRnyr3k,Biden & Trump Will Battle it Out for Pennsylvania | EWTN News Nightly
https://www.youtube.com/watch?v=O-eETPtN3JY,Why Biden and Trump are focusing on Pennsylvania ahead of midterms
https://www.youtube.com/watch?v=O5FP2WsTzPM,Kamala Harris labels Donald Trump a coward in Pennsylvania
https://www.youtube.com/watch?v=odnb7qmZcQk,"Trump Attempted OOTA Taken Down At Pennsylvania Rally, Trump Responds to 20 Year Old, Civil War"
https://www.youtube.com/watch?v=OF6RFU4QQ9I,Trump IMPLODES ON STAGE in DISASTER Pennsylvania Speech
https://www.youtube.com/watch?v=orNOaqDZvhk,"Race for the White House: Trump, Harris continue campaigning in Pennsylvania"
https://www.youtube.com/watch?v=oU3-zFZCgcM,Gov. Josh Shapiro on who will win Pennsylvania in November
https://www.youtube.com/watch?v=OV4ANr6x2NM,Harris implies Trump a 'coward' in Pennsylvania campaign appearance | ANC
https://www.youtube.com/watch?v=oxLcBVkd2Sk,"Trump to return to Butler, Pennsylvania, as Obama prepares to campaign for Harris"
https://www.youtube.com/watch?v=P46C21DTz6A,Kamala Harris Touts Popular Progressive Policy During Pennsylvania Stop
https://www.youtube.com/watch?v=P9eMvXBXtFE,New polls show change in Harris-Trump race in Pennsylvania
https://www.youtube.com/watch?v=pHIqvw0Eqfg,Election 2024: Harris vs. Trump in Pennsylvania!
https://www.youtube.com/watch?v=pi0opLmCXmc,Pennsylvania Farmer Shares How Kamala's Inflation & Insane Energy Policies Affect Her Family
https://www.youtube.com/watch?v=pS4x52Qlaus,Why Trump attracts Pennsylvania voters
https://www.youtube.com/watch?v=pSGb7PuEBA0,What's Trump's impact on the Pennsylvania primary? | NewsNation
https://www.youtube.com/watch?v=Pt0Q32GMGwk,Kamala Harris and Donald Trump hold rallies in swing state Pennsylvania | BBC News
https://www.youtube.com/watch?v=pZL3NJ8p8z8,GOP Pollster: Pennsylvania SWINGS Toward Harris
https://www.youtube.com/watch?v=QDXnnzMEpLM,Lawrence: Harris uses Trump's own words about 'the enemy within' to prosecute him
https://www.youtube.com/watch?v=QPwatK1n4uU,How Pennsylvania voters reacted to Harris-Trump debate
https://www.youtube.com/watch?v=QSBnIaNuZfs,"Biden Crushes Trump in Crucial Pennsylvania Poll, Trump Courts Florida Billionaires For $43M"
https://www.youtube.com/watch?v=qSTwoxS2uGM,Obama Slams Trump At Pennsylvania Rally For Lying On Kamala Harris | SmokeCounty Jay Reaction
https://www.youtube.com/watch?v=qxlYlY8z6ug,"Why Obama's support is important for Harris campaign, Democrats"
https://www.youtube.com/watch?v=R-BaLllxEzk,Pennsylvania emerges as battleground as Trump and Harris vie for swing state votes | DD India
https://www.youtube.com/watch?v=R-bvvdj8Tow,"Kamala Harris back in Pennsylvania, Musk gives nearly $75 million to Trump PAC"
https://www.youtube.com/watch?v=R0a5nbYkuFk,Harris and Trump both head to Pennsylvania
https://www.youtube.com/watch?v=RIJp3-k2BZA,Trump's Pennsylvania Rally: Insults and Economy?Kadyrov's Cybertruck: Tesla Meets Machine Gun?Kamala
https://www.youtube.com/watch?v=RLGrzVUKCwo,Pennsylvania voters weigh in on Harris' VP options | Vargas Reports
https://www.youtube.com/watch?v=RmhEkAWrDZY,How Kamala Harris is introducing her economic message to Pennsylvania voters
https://www.youtube.com/watch?v=RNtldSDwWrY,"Harris, Trump Campaign in Pennsylvania"
https://www.youtube.com/watch?v=rSWx9k7lZ2k,Trump Is FLIPPING Pennsylvania's Bellwether Counties!
https://www.youtube.com/watch?v=rVdx95707x8,What Role Does Pennsylvania Play in Kamala Harris's Presidential Campaign? - CountyOffice.org
https://www.youtube.com/watch?v=RZnjr2m1E6k,"Biden hits Pennsylvania, Trump hits New York courtroom"
https://www.youtube.com/watch?v=rzyIkZlR06w,Swing State Pennsylvania: Can Kamala Harris win over rural voters?
https://www.youtube.com/watch?v=s2v-eNVOv2E,?? Pennsylvania Governor delivers MUST-SEE takedown of Trump
https://www.youtube.com/watch?v=S2VyPqfe69c,Harris to Pennsylvania as she tries to win over Latino voters leaning for Trump
https://www.youtube.com/watch?v=Sgc7cLW9bCE,Trump Is About To FLIP PENNSYLVANIA!
https://www.youtube.com/watch?v=sh-ERsCUJFw,Walz Saves The Day After Shapiro Ditches Harris In Pennsylvania
https://www.youtube.com/watch?v=Sjx07_GXZ4w,Pennsylvania Is Key for Kamala Harris    #Pennsylvania #Is #Key #for #Kamala #Harris
https://www.youtube.com/watch?v=slrVbhUyeIU,"Trump/Pennsylvania Rally | Eric Deters Show | August 1, 2024"
https://www.youtube.com/watch?v=SqYSTgB4jB8,7 Latest Pennsylvania Poll Results Of August | Donald Trump vs Kamala Harris | US Election 2024
https://www.youtube.com/watch?v=SsjL4uVH_so,"Harris, Trump campaign in battleground Pennsylvania | NewsNation Now"
https://www.youtube.com/watch?v=ssndF5S-TMo,TRUMP ENDORSES OZ! - Analyzing Trump's Pennsylvania Senate Race Endorsement
https://www.youtube.com/watch?v=STKqBo6oqOk,Is Pennsylvania still a battleground state?
https://www.youtube.com/watch?v=SUmNJqY17Vw,Pennsylvania Senate candidates face off in debate
https://www.youtube.com/watch?v=szIpU7C-cWo,BREAKING: HUGE NEWS May Have Given Kamala Harris Pennsylvania...
https://www.youtube.com/watch?v=TDe-vpLgPkY,Why this Psychadellic Artist now paints Trump and Elon Musk
https://www.youtube.com/watch?v=TE1lBXSM47I,"As Harris meets with VP contenders, some Pennsylvania voters say Josh Shapiro is a good pick"
https://www.youtube.com/watch?v=te68vWJPCE8,How important is Pennsylvania in the presidential election?
https://www.youtube.com/watch?v=THS6y0VgkMg,Fact-checking former President Trump's Pennsylvania rally
https://www.youtube.com/watch?v=Tk4V4hjONHQ,"What Pennsylvania voters want to hear from Harris, Trump at debate"
https://www.youtube.com/watch?v=tLX0e_1jlBE,Here's Why Harris Will WIN Pennsylvania!
https://www.youtube.com/watch?v=TPHxt-OwaBc,BREAKING: HUGE NEWS May Have Given Kamala Harris Pennsylvania...
https://www.youtube.com/watch?v=tQP3c47_UjU,Erie Pennsylvania Trump Rally
https://www.youtube.com/watch?v=tQT6rDpUBvo,The 2024 Election All Comes Down to Pennsylvania | Let Me Finish
https://www.youtube.com/watch?v=tS7zL_xUrkk,"Kamala Harris, Tim Walz hit campaign trail after big debut in Pennsylvania"
https://www.youtube.com/watch?v=TsMh1YTa7aI,Donald Trump Must Win Pennsylvania!
https://www.youtube.com/watch?v=TYMpZ26c7sU,AMRICANS REACT TO THE TRUMP PENNSYLVANIA VIRAL !NCIDENT
https://www.youtube.com/watch?v=U47uDQq60ak,2024 TRUMP PENNSYLVANIA NEWS Election Map and The Latest Polls!
https://www.youtube.com/watch?v=UGPWo4nK50I,Black Men Slam Barack Obama for Lecturing Them on Voting For Kamala Harris | Firstpost America
https://www.youtube.com/watch?v=UiSuIfeudPU,Kamala's Pennsylvania Problem With Her Fracking Flip Flop
https://www.youtube.com/watch?v=ujPwDGOZXjg,TOP 15 PENNSYLVANIA Billionaires Supporting Kamala Harris 2024
https://www.youtube.com/watch?v=UKoqg8OfDJU,"Kamala Harris Sucks, Right?': Kristi Noem Blasts VP At Trump Town Hall In Oaks, Pennsylvania"
https://www.youtube.com/watch?v=ULWtKAdtfSM,"Incredible Pennsylvania, Ohio and Michigan Polls for October! Trump VS Harris"
https://www.youtube.com/watch?v=uoviqzVr5Qo,Civil War Between Kamala Camp and State Dems in Pennsylvania
https://www.youtube.com/watch?v=UQ2Af9i8B6s,New poll shows where Trump and Harris stand in Pennsylvania
https://www.youtube.com/watch?v=URRXq7PWwHA,Pathological liar': Why Pennsylvania Republican is voting for Harris over Trump
https://www.youtube.com/watch?v=uSIuSWRNzf4,"Incredible Arizona, Nevada and Pennsylvania Polls for October! Trump VS Harris"
https://www.youtube.com/watch?v=uSoPIHcnff4,Pennsylvania Dem issues warning to Harris about potential Josh Shapiro VP pick
https://www.youtube.com/watch?v=UTpIrlywFlI,VP Harris & President Biden hit the campaign trail in Pennsylvania
https://www.youtube.com/watch?v=uVQIOFryMWI,"Biden, Harris, Walz, Vance Converge on Battleground Pennsylvania"
https://www.youtube.com/watch?v=U_ExT5CEbbc,Harris and Trump hold dueling events in Pennsylvania
https://www.youtube.com/watch?v=v-mDyQTwMe0,Trump Is GAINING In Pennsylvania!
https://www.youtube.com/watch?v=v19zH2vFGeU,Democrats hope Josh Shapiro can deliver Pennsylvania for Kamala Harris
https://www.youtube.com/watch?v=v6OKjJo4piY,"Rep. Mike Kelly on Donald Trump's return to Butler, Pennsylvania | NewsNation Now"
https://www.youtube.com/watch?v=VaNbNIF-cl0,Trump SELF-DESTRUCTS At Pennsylvania Rally
https://www.youtube.com/watch?v=vKE-iM2hJrM,Trump Is SURGING In Pennsylvania!
https://www.youtube.com/watch?v=vLRfV9LbvTo,"Poll: Economy Keeps Harris, Trump Tied in Pennsylvania"
https://www.youtube.com/watch?v=vQ1uKsPTNuU,How will young Pennsylvania voters make the difference in the 2024 election?
https://www.youtube.com/watch?v=wd718Hkhs80,"INTERVIEW: Sean Parnell at Trump Rally in Indiana, Pennsylvania - 9/23/24"
https://www.youtube.com/watch?v=wdHACGkmhQg,Trump does well in Pennsylvania than Harris: Republican strategist | NewsNation Prime
https://www.youtube.com/watch?v=wiEbbu2Q-fY,"Trump hits airwaves with Fox News, Univision town halls"
https://www.youtube.com/watch?v=WjQrIr1LYf4,Voters in Pennsylvania county with record of picking the winner share views on candidates
https://www.youtube.com/watch?v=wPSb4B8Dnuc,"Pennsylvania election officials bracing for conspiracy theories, protests"
https://www.youtube.com/watch?v=WwN0kHydiUc,The battleground state of Pennsylvania is most important in US presidential election
https://www.youtube.com/watch?v=WZjY3QhV9-8,"In Battleground Pennsylvania, Biden And Trump Run Very Different Campaigns | Spectrum News"
https://www.youtube.com/watch?v=xAPmjL41tks,Harris campaign 'nervous' about Trump's gains in swing states: Report
https://www.youtube.com/watch?v=Y3k_f1Y__JQ,Kamalas Pennsylvania Disaster: Finger Pointing and Frustration!
https://www.youtube.com/watch?v=YBMP19BF26w,Democrats DOMINATING Early Voting in Pennsylvania! Can Kamala Harris win the state
https://www.youtube.com/watch?v=ydNFpNMvm8I,Brand New Pennsylvania Poll Shows Kamala Harris leading Donald Trump by 5 Points
https://www.youtube.com/watch?v=yFF3M9zl0ZM,Trump wants Pennsylvania lawmakers to repeal mail-in voting
https://www.youtube.com/watch?v=ywXiTMvK-sk,"New poll shows Kamala Harris with leads over Trump in Michigan, Pennsylvania and Wisconsin"
https://www.youtube.com/watch?v=YYn0LaSIhgo,Pennsylvania voters share why theyre sticking with Trump in 2024
https://www.youtube.com/watch?v=z9h-0Bj8GvE,"NYTimes: Kamala Harris LEADS in Wisconsin, Michigan, AND Pennsylvania"
https://www.youtube.com/watch?v=zAU97GSA3cg,THIS IS REAL! | Biden Puts On A TRUMP HAT In Pennsylvania! IS JOE MAGA?!
https://www.youtube.com/watch?v=zIn3ObB4U78,"Pennsylvania, Georgia key for Trump, Harris in 2024 election: DDHQ president | NewsNation Live"
https://www.youtube.com/watch?v=Zmibi6pmrl4,"New poll shows Harris, Trump in close race in Pennsylvania, Michigan and Wisconsin"
https://www.youtube.com/watch?v=ZVd_-guYl4E,Trump to hold Pennsylvania rally with eyes on running-mate pick | NewsNation Now
https://www.youtube.com/watch?v=_4ayisp1Nz8,41% of Pennsylvania voters plan to vote for Biden: Poll | The Hill Sunday
https://www.youtube.com/watch?v=_7p6R3-szxo,The REAL reason ENTREPRENEURS support TRUMP for PRESIDENT
https://www.youtube.com/watch?v=_eGXV3exziY,Latest Pennsylvania Poll Results Of August | Donald Trump vs Kamala Harris | 2024 US Election
https://www.youtube.com/watch?v=_OIJT7hydXA,Kamala Harris Up 6 Points On Donald Trump in Pennsylvania
https://www.youtube.com/watch?v=_UKghXi6sNE,"How GOP Ground Game in Pennsylvania Involves Courting Truckers and Amish Voters, with Scott Presler"
https://www.youtube.com/watch?v=bnVWRrstv-4,Harris shifts focus to 'blue wall' states
https://www.youtube.com/watch?v=968jLv6w6HE,Harris flip-flop on fracking frames fight for Pennsylvania voters
https://www.youtube.com/watch?v=SbA-S7TOmMA,Why Biden and Trump care about steel worker jobs in Pennsylvania
https://www.youtube.com/watch?v=PEOYe-ZbQDA,Trump ‘will be’ next president if he wins Michigan or Pennsylvania
https://www.youtube.com/watch?v=nXaSp5XNQjQ,Trump Works At Pennsylvania McDonald's And The Media MELTS DOWN!
https://www.youtube.com/watch?v=VVmpK9SGq4I,"TRUMP TEST? Primary CHAOS In Pennsylvania Splinters GOP, Trump RISKS Losing Control Of MAGA Wing"
https://www.youtube.com/watch?v=fk-QaB3oGAI,Kamala is in TROUBLE in Pennsylvania!
https://www.youtube.com/watch?v=Gr6OG_5P8sM,This Is How Kamala Harris LOSES Pennsylvania
https://www.youtube.com/watch?v=g35eqH74Lqo,"60 Minutes ADMITS It Edited Kamala Harris Interview, DEFENDS Choice Anyway"
https://www.youtube.com/watch?v=lDm3UNgNC9I,JUST IN: VP Kamala Harris Announces Major Federal Funding Boost For Clean Water Infrastructure
https://www.youtube.com/watch?v=SmgO077dZgI,Today is the day: Will Gov. Josh Shapiro be  Democrat Kamala Harris' VP pick?
https://www.youtube.com/watch?v=ElyYpBiX8l8,Meeting a GOP leader who supported Kamala Harris and got swatted | Front Porch Politics
https://www.youtube.com/watch?v=_GYh8oyAUdk,WATCH: Kamala's INSPIRING and EMOTIONAL Moment with PA Voters
https://www.youtube.com/watch?v=Atu_enZbOWs,BREAKING: Kamala Harris Opens MASSIVE Lead in New Pennsylvania Poll
https://www.youtube.com/watch?v=dN1dfwxJFJk,Vice President Harris speaks on clean water in Pittsburgh
https://www.youtube.com/watch?v=IRNxPyTFpNg,"Salena Zito on Kamala coming to PA with her extreme liberalism, who's going to be her VP?"
https://www.youtube.com/watch?v=L_VQVmTr6Aw,"RFK Jr. Calls Out Harris, PA Reporters Warned, Has Harris Really Changed?, Hunter's Tax Trial"
https://www.youtube.com/watch?v=dixd_0uKXCY,Sean Parnell Reacts to Kamala’s Gold Star Family Outrage — and the Race in Pennsylvania
https://www.youtube.com/watch?v=YInZoXCJrnk,Kamala Bombs First Solo Interview! HUGE PA Mail-in Ballot Decision! Putin Final Redline!
https://www.youtube.com/watch?v=Jop0Dy-OtnU,Harris Mistrusted in PA - Keystone State Energy Workers Say 'Nobody Believes' What She Says
https://www.youtube.com/watch?v=ZkTY5hnLEqo,Pa. Gov. Josh Shapiro is not the VP pick. Democrat Kamala Harris chooses Minn. Gov. Tim Walz
https://www.youtube.com/watch?v=kMhwJ_Z6lRM,Kamala Harris tells Pittsburgh crowd she opposes sale of U.S. Steel;  Some Pa. researchers look t...
https://www.youtube.com/watch?v=-c-pwjBH1f4,Court to Pa. county: Tell voters if mail-in ballot was counted; Harris campaign appeals to Pa. GO...
https://www.youtube.com/watch?v=TcB2dolEyug,Harris & Biden Rally in PA for Labor Day: What you need to know!
https://www.youtube.com/watch?v=T33P6vxnriI,"Fine Point - Harris, Walz Try To Pull A Fast One On PA Voters - W/ Libby Emmons, 9/26/24"
https://www.youtube.com/watch?v=zYdMyHdes_E,Pennsylvania delegate talks about the key factors for Harris election win
https://www.youtube.com/watch?v=6E3H17sgs5k,"Harris Likely to Pick Pennsylvania Gov. Shapiro for Veep, Prediction Markets Say"
https://www.youtube.com/watch?v=UlKTRFuc-OM,Every little bit can help:' Harris looks to gain ground in red areas of Pennsylvania
https://www.youtube.com/watch?v=ztPAZKM6hME,These undecided voters said Harris’ speech made up their minds. Hear why
https://www.youtube.com/watch?v=wYC3yfU6qc0,How Kamala is going to win Pennsylvania with Gov. Shapiro